image,gt_caption
f_f_frisbee_127263_1.jpg,A couple of men playing a game of frisbee.
f_f_frisbee_127263_1.jpg,Two men on opposite teams jumping for a Frisbee.
f_f_frisbee_127263_1.jpg,Two men are reaching to catch a frisbee.
f_f_frisbee_127263_1.jpg,Two men playing a game of Frisbee in a field.
f_f_frisbee_127263_1.jpg,"The men are playing a game of Frisbee on the grassy field,"
f_f_frisbee_127263_2.jpg,A couple of men playing a game of frisbee.
f_f_frisbee_127263_2.jpg,Two men on opposite teams jumping for a Frisbee.
f_f_frisbee_127263_2.jpg,Two men are reaching to catch a frisbee.
f_f_frisbee_127263_2.jpg,Two men playing a game of Frisbee in a field.
f_f_frisbee_127263_2.jpg,"The men are playing a game of Frisbee on the grassy field,"
f_f_frisbee_127263_3.jpg,A couple of men playing a game of frisbee.
f_f_frisbee_127263_3.jpg,Two men on opposite teams jumping for a Frisbee.
f_f_frisbee_127263_3.jpg,Two men are reaching to catch a frisbee.
f_f_frisbee_127263_3.jpg,Two men playing a game of Frisbee in a field.
f_f_frisbee_127263_3.jpg,"The men are playing a game of Frisbee on the grassy field,"
f_f_frisbee_127263_5.jpg,A couple of men playing a game of frisbee.
f_f_frisbee_127263_5.jpg,Two men on opposite teams jumping for a Frisbee.
f_f_frisbee_127263_5.jpg,Two men are reaching to catch a frisbee.
f_f_frisbee_127263_5.jpg,Two men playing a game of Frisbee in a field.
f_f_frisbee_127263_5.jpg,"The men are playing a game of Frisbee on the grassy field,"
f_f_frisbee_227482_1.jpg,A young man running towards a white Frisbee.
f_f_frisbee_227482_1.jpg,a man leaning over as he reaches for a white frisbee
f_f_frisbee_227482_1.jpg,a male in a gray shirt grass and a white frisbee
f_f_frisbee_227482_1.jpg,"A young man is catching or throwing a frisbee,"
f_f_frisbee_227482_1.jpg,A smiling man catching a frisbee out of the air.
f_f_frisbee_227482_2.jpg,A young man running towards a white Frisbee.
f_f_frisbee_227482_2.jpg,a man leaning over as he reaches for a white frisbee
f_f_frisbee_227482_2.jpg,a male in a gray shirt grass and a white frisbee
f_f_frisbee_227482_2.jpg,"A young man is catching or throwing a frisbee,"
f_f_frisbee_227482_2.jpg,A smiling man catching a frisbee out of the air.
f_f_frisbee_227482_4.jpg,A young man running towards a white Frisbee.
f_f_frisbee_227482_4.jpg,a man leaning over as he reaches for a white frisbee
f_f_frisbee_227482_4.jpg,a male in a gray shirt grass and a white frisbee
f_f_frisbee_227482_4.jpg,"A young man is catching or throwing a frisbee,"
f_f_frisbee_227482_4.jpg,A smiling man catching a frisbee out of the air.
f_f_frisbee_227482_5.jpg,A young man running towards a white Frisbee.
f_f_frisbee_227482_5.jpg,a man leaning over as he reaches for a white frisbee
f_f_frisbee_227482_5.jpg,a male in a gray shirt grass and a white frisbee
f_f_frisbee_227482_5.jpg,"A young man is catching or throwing a frisbee,"
f_f_frisbee_227482_5.jpg,A smiling man catching a frisbee out of the air.
f_f_frisbee_291619_3.jpg,"There are two men playing frisbee on a field 
"
f_f_frisbee_291619_3.jpg,Two young men playing frisbee at night on a sports field
f_f_frisbee_291619_3.jpg,A man catching a frisbee as another looks on.
f_f_frisbee_291619_3.jpg,A Frisbee player is about to catch a thrown Frisbee.
f_f_frisbee_291619_3.jpg,A man leaping up to catch a frisbee with another man running behind him.
f_f_frisbee_291619_4.jpg,"There are two men playing frisbee on a field 
"
f_f_frisbee_291619_4.jpg,Two young men playing frisbee at night on a sports field
f_f_frisbee_291619_4.jpg,A man catching a frisbee as another looks on.
f_f_frisbee_291619_4.jpg,A Frisbee player is about to catch a thrown Frisbee.
f_f_frisbee_291619_4.jpg,A man leaping up to catch a frisbee with another man running behind him.
f_f_frisbee_291619_5.jpg,"There are two men playing frisbee on a field 
"
f_f_frisbee_291619_5.jpg,Two young men playing frisbee at night on a sports field
f_f_frisbee_291619_5.jpg,A man catching a frisbee as another looks on.
f_f_frisbee_291619_5.jpg,A Frisbee player is about to catch a thrown Frisbee.
f_f_frisbee_291619_5.jpg,A man leaping up to catch a frisbee with another man running behind him.
f_f_frisbee_325991_1.jpg,A young man in a red shirt is throwing a frisbee.
f_f_frisbee_325991_1.jpg,A man gets ready to throw a frisbee in a park.
f_f_frisbee_325991_1.jpg,A man holding a frisbee with one hand in the grass.
f_f_frisbee_325991_1.jpg,A man in a red shirt tossing a white frisbee.
f_f_frisbee_325991_1.jpg,a man is about to throw a Frisbee in a grassy field
f_f_frisbee_325991_2.jpg,A young man in a red shirt is throwing a frisbee.
f_f_frisbee_325991_2.jpg,A man gets ready to throw a frisbee in a park.
f_f_frisbee_325991_2.jpg,A man holding a frisbee with one hand in the grass.
f_f_frisbee_325991_2.jpg,A man in a red shirt tossing a white frisbee.
f_f_frisbee_325991_2.jpg,a man is about to throw a Frisbee in a grassy field
f_f_frisbee_325991_5.jpg,A young man in a red shirt is throwing a frisbee.
f_f_frisbee_325991_5.jpg,A man gets ready to throw a frisbee in a park.
f_f_frisbee_325991_5.jpg,A man holding a frisbee with one hand in the grass.
f_f_frisbee_325991_5.jpg,A man in a red shirt tossing a white frisbee.
f_f_frisbee_325991_5.jpg,a man is about to throw a Frisbee in a grassy field
f_f_frisbee_328238_1.jpg,A man wearing a blue shirt catching a white frisbee.
f_f_frisbee_328238_1.jpg,a man in a blue shirt playing with a white ball
f_f_frisbee_328238_1.jpg,A man catching a frisbee in a park 
f_f_frisbee_328238_1.jpg,the woman is playing frisbee a the family picnic in the park.
f_f_frisbee_328238_1.jpg,A man in a grassy field about to catch a frisbee.
f_f_frisbee_328238_3.jpg,A man wearing a blue shirt catching a white frisbee.
f_f_frisbee_328238_3.jpg,a man in a blue shirt playing with a white ball
f_f_frisbee_328238_3.jpg,A man catching a frisbee in a park 
f_f_frisbee_328238_3.jpg,the woman is playing frisbee a the family picnic in the park.
f_f_frisbee_328238_3.jpg,A man in a grassy field about to catch a frisbee.
f_f_frisbee_328238_4.jpg,A man wearing a blue shirt catching a white frisbee.
f_f_frisbee_328238_4.jpg,a man in a blue shirt playing with a white ball
f_f_frisbee_328238_4.jpg,A man catching a frisbee in a park 
f_f_frisbee_328238_4.jpg,the woman is playing frisbee a the family picnic in the park.
f_f_frisbee_328238_4.jpg,A man in a grassy field about to catch a frisbee.
f_f_frisbee_328238_5.jpg,A man wearing a blue shirt catching a white frisbee.
f_f_frisbee_328238_5.jpg,a man in a blue shirt playing with a white ball
f_f_frisbee_328238_5.jpg,A man catching a frisbee in a park 
f_f_frisbee_328238_5.jpg,the woman is playing frisbee a the family picnic in the park.
f_f_frisbee_328238_5.jpg,A man in a grassy field about to catch a frisbee.
f_f_frisbee_88485_3.jpg,The young man is outside playing a game of Frisbee. 
f_f_frisbee_88485_3.jpg,A man is holding a yellow frisbee outside
f_f_frisbee_88485_3.jpg,A man outside playing frisbee in front of a building.
f_f_frisbee_88485_3.jpg,A young man in black clothes holding a yellow frisbee
f_f_frisbee_88485_3.jpg,A boy is throwing a frisbee outside a building.
f_f_frisbee_88485_4.jpg,The young man is outside playing a game of Frisbee. 
f_f_frisbee_88485_4.jpg,A man is holding a yellow frisbee outside
f_f_frisbee_88485_4.jpg,A man outside playing frisbee in front of a building.
f_f_frisbee_88485_4.jpg,A young man in black clothes holding a yellow frisbee
f_f_frisbee_88485_4.jpg,A boy is throwing a frisbee outside a building.
f_f_frisbee_88485_5.jpg,The young man is outside playing a game of Frisbee. 
f_f_frisbee_88485_5.jpg,A man is holding a yellow frisbee outside
f_f_frisbee_88485_5.jpg,A man outside playing frisbee in front of a building.
f_f_frisbee_88485_5.jpg,A young man in black clothes holding a yellow frisbee
f_f_frisbee_88485_5.jpg,A boy is throwing a frisbee outside a building.
f_f_racket_127530_2.jpg,A man in blue shirt and white shorts playing tennis.
f_f_racket_127530_2.jpg,Male professional tennis player swinging at a tennis ball.
f_f_racket_127530_2.jpg,a tennis player swinging a racket at a ball
f_f_racket_127530_2.jpg,A man on a court swinging a tennis racket.
f_f_racket_127530_2.jpg,A man hitting a tennis ball on a professional court.
f_f_racket_127530_3.jpg,A man in blue shirt and white shorts playing tennis.
f_f_racket_127530_3.jpg,Male professional tennis player swinging at a tennis ball.
f_f_racket_127530_3.jpg,a tennis player swinging a racket at a ball
f_f_racket_127530_3.jpg,A man on a court swinging a tennis racket.
f_f_racket_127530_3.jpg,A man hitting a tennis ball on a professional court.
f_f_racket_127530_4.jpg,A man in blue shirt and white shorts playing tennis.
f_f_racket_127530_4.jpg,Male professional tennis player swinging at a tennis ball.
f_f_racket_127530_4.jpg,a tennis player swinging a racket at a ball
f_f_racket_127530_4.jpg,A man on a court swinging a tennis racket.
f_f_racket_127530_4.jpg,A man hitting a tennis ball on a professional court.
f_f_racket_127530_5.jpg,A man in blue shirt and white shorts playing tennis.
f_f_racket_127530_5.jpg,Male professional tennis player swinging at a tennis ball.
f_f_racket_127530_5.jpg,a tennis player swinging a racket at a ball
f_f_racket_127530_5.jpg,A man on a court swinging a tennis racket.
f_f_racket_127530_5.jpg,A man hitting a tennis ball on a professional court.
f_f_racket_19432_1.jpg,a man playing tennis going for a low ball
f_f_racket_19432_1.jpg,A tennis player with a racket hitting the ball
f_f_racket_19432_1.jpg,He's almost got this tennis ball at the end of his racket.
f_f_racket_19432_1.jpg,A man with a racquet standing on a tennis court.
f_f_racket_19432_1.jpg,A man playing tennis on a blue tennis court
f_f_racket_19432_3.jpg,a man playing tennis going for a low ball
f_f_racket_19432_3.jpg,A tennis player with a racket hitting the ball
f_f_racket_19432_3.jpg,He's almost got this tennis ball at the end of his racket.
f_f_racket_19432_3.jpg,A man with a racquet standing on a tennis court.
f_f_racket_19432_3.jpg,A man playing tennis on a blue tennis court
f_f_racket_19432_4.jpg,a man playing tennis going for a low ball
f_f_racket_19432_4.jpg,A tennis player with a racket hitting the ball
f_f_racket_19432_4.jpg,He's almost got this tennis ball at the end of his racket.
f_f_racket_19432_4.jpg,A man with a racquet standing on a tennis court.
f_f_racket_19432_4.jpg,A man playing tennis on a blue tennis court
f_f_racket_19432_5.jpg,a man playing tennis going for a low ball
f_f_racket_19432_5.jpg,A tennis player with a racket hitting the ball
f_f_racket_19432_5.jpg,He's almost got this tennis ball at the end of his racket.
f_f_racket_19432_5.jpg,A man with a racquet standing on a tennis court.
f_f_racket_19432_5.jpg,A man playing tennis on a blue tennis court
f_f_racket_55950_1.jpg,a man is playing tennis and is going to return the ball
f_f_racket_55950_1.jpg,a man playing tennis on a tennis court
f_f_racket_55950_1.jpg,A man at the net makes a forehand volley in a tennis match.
f_f_racket_55950_1.jpg,A young man playing tennis and preparing to hit the ball.
f_f_racket_55950_1.jpg,a man is on a court with a tennis racket
f_f_racket_55950_2.jpg,a man is playing tennis and is going to return the ball
f_f_racket_55950_2.jpg,a man playing tennis on a tennis court
f_f_racket_55950_2.jpg,A man at the net makes a forehand volley in a tennis match.
f_f_racket_55950_2.jpg,A young man playing tennis and preparing to hit the ball.
f_f_racket_55950_2.jpg,a man is on a court with a tennis racket
f_f_racket_55950_4.jpg,a man is playing tennis and is going to return the ball
f_f_racket_55950_4.jpg,a man playing tennis on a tennis court
f_f_racket_55950_4.jpg,A man at the net makes a forehand volley in a tennis match.
f_f_racket_55950_4.jpg,A young man playing tennis and preparing to hit the ball.
f_f_racket_55950_4.jpg,a man is on a court with a tennis racket
f_f_racket_55950_5.jpg,a man is playing tennis and is going to return the ball
f_f_racket_55950_5.jpg,a man playing tennis on a tennis court
f_f_racket_55950_5.jpg,A man at the net makes a forehand volley in a tennis match.
f_f_racket_55950_5.jpg,A young man playing tennis and preparing to hit the ball.
f_f_racket_55950_5.jpg,a man is on a court with a tennis racket
f_f_racket_64718_2.jpg,there is a male tennis player about to hit the ball
f_f_racket_64718_2.jpg,A male Tennis player is about to swing with his racket. 
f_f_racket_64718_2.jpg,A man is swinging a tennis racket at a ball.
f_f_racket_64718_2.jpg,A man getting ready to swing at a tennis ball.
f_f_racket_64718_2.jpg,A man hitting a tennis ball during a tennis match.
f_f_racket_64718_3.jpg,there is a male tennis player about to hit the ball
f_f_racket_64718_3.jpg,A male Tennis player is about to swing with his racket. 
f_f_racket_64718_3.jpg,A man is swinging a tennis racket at a ball.
f_f_racket_64718_3.jpg,A man getting ready to swing at a tennis ball.
f_f_racket_64718_3.jpg,A man hitting a tennis ball during a tennis match.
f_f_racket_64718_4.jpg,there is a male tennis player about to hit the ball
f_f_racket_64718_4.jpg,A male Tennis player is about to swing with his racket. 
f_f_racket_64718_4.jpg,A man is swinging a tennis racket at a ball.
f_f_racket_64718_4.jpg,A man getting ready to swing at a tennis ball.
f_f_racket_64718_4.jpg,A man hitting a tennis ball during a tennis match.
f_f_racket_64718_5.jpg,there is a male tennis player about to hit the ball
f_f_racket_64718_5.jpg,A male Tennis player is about to swing with his racket. 
f_f_racket_64718_5.jpg,A man is swinging a tennis racket at a ball.
f_f_racket_64718_5.jpg,A man getting ready to swing at a tennis ball.
f_f_racket_64718_5.jpg,A man hitting a tennis ball during a tennis match.
f_f_racket_85772_1.jpg,A young man taking a swing at a tennis ball.
f_f_racket_85772_1.jpg, a blonde haired teenage man is swinging a tennis racquet at a ball.
f_f_racket_85772_1.jpg,A male tennis player preparing to strike the incoming ball
f_f_racket_85772_1.jpg,A man is about to hit a tennis ball with a racquette. 
f_f_racket_85772_1.jpg,Young man swinging a tennis racket on a tennis court
f_f_racket_85772_2.jpg,A young man taking a swing at a tennis ball.
f_f_racket_85772_2.jpg, a blonde haired teenage man is swinging a tennis racquet at a ball.
f_f_racket_85772_2.jpg,A male tennis player preparing to strike the incoming ball
f_f_racket_85772_2.jpg,A man is about to hit a tennis ball with a racquette. 
f_f_racket_85772_2.jpg,Young man swinging a tennis racket on a tennis court
f_f_racket_85772_3.jpg,A young man taking a swing at a tennis ball.
f_f_racket_85772_3.jpg, a blonde haired teenage man is swinging a tennis racquet at a ball.
f_f_racket_85772_3.jpg,A male tennis player preparing to strike the incoming ball
f_f_racket_85772_3.jpg,A man is about to hit a tennis ball with a racquette. 
f_f_racket_85772_3.jpg,Young man swinging a tennis racket on a tennis court
f_f_racket_85772_4.jpg,A young man taking a swing at a tennis ball.
f_f_racket_85772_4.jpg, a blonde haired teenage man is swinging a tennis racquet at a ball.
f_f_racket_85772_4.jpg,A male tennis player preparing to strike the incoming ball
f_f_racket_85772_4.jpg,A man is about to hit a tennis ball with a racquette. 
f_f_racket_85772_4.jpg,Young man swinging a tennis racket on a tennis court
f_f_racket_85772_5.jpg,A young man taking a swing at a tennis ball.
f_f_racket_85772_5.jpg, a blonde haired teenage man is swinging a tennis racquet at a ball.
f_f_racket_85772_5.jpg,A male tennis player preparing to strike the incoming ball
f_f_racket_85772_5.jpg,A man is about to hit a tennis ball with a racquette. 
f_f_racket_85772_5.jpg,Young man swinging a tennis racket on a tennis court
f_f_racket_88970_1.jpg,A man serving a tennis ball on top of a tennis court.
f_f_racket_88970_1.jpg,A man playing a tennis match is serving a tennis ball.
f_f_racket_88970_1.jpg,A MAN IS  PLAYING TENNIS ON THE TENNIS COURT
f_f_racket_88970_1.jpg,A tennis player that is serving the ball.
f_f_racket_88970_1.jpg,A man on a tennis court about to hit the ball.
f_f_racket_88970_3.jpg,A man serving a tennis ball on top of a tennis court.
f_f_racket_88970_3.jpg,A man playing a tennis match is serving a tennis ball.
f_f_racket_88970_3.jpg,A MAN IS  PLAYING TENNIS ON THE TENNIS COURT
f_f_racket_88970_3.jpg,A tennis player that is serving the ball.
f_f_racket_88970_3.jpg,A man on a tennis court about to hit the ball.
f_f_racket_88970_4.jpg,A man serving a tennis ball on top of a tennis court.
f_f_racket_88970_4.jpg,A man playing a tennis match is serving a tennis ball.
f_f_racket_88970_4.jpg,A MAN IS  PLAYING TENNIS ON THE TENNIS COURT
f_f_racket_88970_4.jpg,A tennis player that is serving the ball.
f_f_racket_88970_4.jpg,A man on a tennis court about to hit the ball.
f_f_skateboard_125472_1.jpg,A man flying through the air while riding a skateboard.
f_f_skateboard_125472_1.jpg,A man is doing tricks on a skateboard.
f_f_skateboard_125472_1.jpg,A skateboarder jumps while trying to perform a trick.
f_f_skateboard_125472_1.jpg,a man in the air standing above the skateboard
f_f_skateboard_125472_1.jpg,a person attempting a jump with a skateboard
f_f_skateboard_125472_3.jpg,A man flying through the air while riding a skateboard.
f_f_skateboard_125472_3.jpg,A man is doing tricks on a skateboard.
f_f_skateboard_125472_3.jpg,A skateboarder jumps while trying to perform a trick.
f_f_skateboard_125472_3.jpg,a man in the air standing above the skateboard
f_f_skateboard_125472_3.jpg,a person attempting a jump with a skateboard
f_f_skateboard_125472_4.jpg,A man flying through the air while riding a skateboard.
f_f_skateboard_125472_4.jpg,A man is doing tricks on a skateboard.
f_f_skateboard_125472_4.jpg,A skateboarder jumps while trying to perform a trick.
f_f_skateboard_125472_4.jpg,a man in the air standing above the skateboard
f_f_skateboard_125472_4.jpg,a person attempting a jump with a skateboard
f_f_skateboard_125472_5.jpg,A man flying through the air while riding a skateboard.
f_f_skateboard_125472_5.jpg,A man is doing tricks on a skateboard.
f_f_skateboard_125472_5.jpg,A skateboarder jumps while trying to perform a trick.
f_f_skateboard_125472_5.jpg,a man in the air standing above the skateboard
f_f_skateboard_125472_5.jpg,a person attempting a jump with a skateboard
f_f_skateboard_128699_1.jpg,A man that has a skateboard in the air.
f_f_skateboard_128699_1.jpg,A MAN IS JUMPING ON HIS SKATE BOARD IN THE SKY 
f_f_skateboard_128699_1.jpg,A boy jumping on a brick patterned ramp on his skateboard. 
f_f_skateboard_128699_1.jpg,A photo of a man doing a trick on his skateboard.
f_f_skateboard_128699_1.jpg,A man makes a jump on his skateboard before a crowd.
f_f_skateboard_128699_2.jpg,A man that has a skateboard in the air.
f_f_skateboard_128699_2.jpg,A MAN IS JUMPING ON HIS SKATE BOARD IN THE SKY 
f_f_skateboard_128699_2.jpg,A boy jumping on a brick patterned ramp on his skateboard. 
f_f_skateboard_128699_2.jpg,A photo of a man doing a trick on his skateboard.
f_f_skateboard_128699_2.jpg,A man makes a jump on his skateboard before a crowd.
f_f_skateboard_128699_3.jpg,A man that has a skateboard in the air.
f_f_skateboard_128699_3.jpg,A MAN IS JUMPING ON HIS SKATE BOARD IN THE SKY 
f_f_skateboard_128699_3.jpg,A boy jumping on a brick patterned ramp on his skateboard. 
f_f_skateboard_128699_3.jpg,A photo of a man doing a trick on his skateboard.
f_f_skateboard_128699_3.jpg,A man makes a jump on his skateboard before a crowd.
f_f_skateboard_128699_4.jpg,A man that has a skateboard in the air.
f_f_skateboard_128699_4.jpg,A MAN IS JUMPING ON HIS SKATE BOARD IN THE SKY 
f_f_skateboard_128699_4.jpg,A boy jumping on a brick patterned ramp on his skateboard. 
f_f_skateboard_128699_4.jpg,A photo of a man doing a trick on his skateboard.
f_f_skateboard_128699_4.jpg,A man makes a jump on his skateboard before a crowd.
f_f_skateboard_128699_5.jpg,A man that has a skateboard in the air.
f_f_skateboard_128699_5.jpg,A MAN IS JUMPING ON HIS SKATE BOARD IN THE SKY 
f_f_skateboard_128699_5.jpg,A boy jumping on a brick patterned ramp on his skateboard. 
f_f_skateboard_128699_5.jpg,A photo of a man doing a trick on his skateboard.
f_f_skateboard_128699_5.jpg,A man makes a jump on his skateboard before a crowd.
f_f_skateboard_13201_1.jpg,"A young man with long hair, wearing all black, doing stunts on a skateboard."
f_f_skateboard_13201_1.jpg,The skate boarder is doing a jumping trick.
f_f_skateboard_13201_1.jpg,A skateboarder careening off concrete in a park
f_f_skateboard_13201_1.jpg,A man is grinding a ramp on a skateboard
f_f_skateboard_13201_1.jpg,A man is airborne on a skateboard pointing to the sky behind him.
f_f_skateboard_13201_2.jpg,"A young man with long hair, wearing all black, doing stunts on a skateboard."
f_f_skateboard_13201_2.jpg,The skate boarder is doing a jumping trick.
f_f_skateboard_13201_2.jpg,A skateboarder careening off concrete in a park
f_f_skateboard_13201_2.jpg,A man is grinding a ramp on a skateboard
f_f_skateboard_13201_2.jpg,A man is airborne on a skateboard pointing to the sky behind him.
f_f_skateboard_13201_3.jpg,"A young man with long hair, wearing all black, doing stunts on a skateboard."
f_f_skateboard_13201_3.jpg,The skate boarder is doing a jumping trick.
f_f_skateboard_13201_3.jpg,A skateboarder careening off concrete in a park
f_f_skateboard_13201_3.jpg,A man is grinding a ramp on a skateboard
f_f_skateboard_13201_3.jpg,A man is airborne on a skateboard pointing to the sky behind him.
f_f_skateboard_13201_5.jpg,"A young man with long hair, wearing all black, doing stunts on a skateboard."
f_f_skateboard_13201_5.jpg,The skate boarder is doing a jumping trick.
f_f_skateboard_13201_5.jpg,A skateboarder careening off concrete in a park
f_f_skateboard_13201_5.jpg,A man is grinding a ramp on a skateboard
f_f_skateboard_13201_5.jpg,A man is airborne on a skateboard pointing to the sky behind him.
f_f_skateboard_157365_1.jpg,There is no image here to provide a caption for.
f_f_skateboard_157365_1.jpg,A guy rides his skate board on the city sidewalks.
f_f_skateboard_157365_1.jpg,a person skateboarding down the road at night
f_f_skateboard_157365_1.jpg,there is a man wearing a plad shirt riding a skateboard
f_f_skateboard_157365_1.jpg,A man riding a skateboard down a sidewalk.
f_f_skateboard_157365_2.jpg,There is no image here to provide a caption for.
f_f_skateboard_157365_2.jpg,A guy rides his skate board on the city sidewalks.
f_f_skateboard_157365_2.jpg,a person skateboarding down the road at night
f_f_skateboard_157365_2.jpg,there is a man wearing a plad shirt riding a skateboard
f_f_skateboard_157365_2.jpg,A man riding a skateboard down a sidewalk.
f_f_skateboard_157365_4.jpg,There is no image here to provide a caption for.
f_f_skateboard_157365_4.jpg,A guy rides his skate board on the city sidewalks.
f_f_skateboard_157365_4.jpg,a person skateboarding down the road at night
f_f_skateboard_157365_4.jpg,there is a man wearing a plad shirt riding a skateboard
f_f_skateboard_157365_4.jpg,A man riding a skateboard down a sidewalk.
f_f_skateboard_157365_5.jpg,There is no image here to provide a caption for.
f_f_skateboard_157365_5.jpg,A guy rides his skate board on the city sidewalks.
f_f_skateboard_157365_5.jpg,a person skateboarding down the road at night
f_f_skateboard_157365_5.jpg,there is a man wearing a plad shirt riding a skateboard
f_f_skateboard_157365_5.jpg,A man riding a skateboard down a sidewalk.
f_f_skateboard_31093_1.jpg,A skateboarder is on top of a cement bowl.
f_f_skateboard_31093_1.jpg,A man on a skateboard is doing a trick.
f_f_skateboard_31093_1.jpg,A male skateboarder is trying to pull off a trick on the ramp. 
f_f_skateboard_31093_1.jpg,a man doing a skateboard trick on top of pool 
f_f_skateboard_31093_1.jpg,A man on a skateboard wearing a helmet and safety pads while riding in an empty swimming pool.
f_f_skateboard_31093_2.jpg,A skateboarder is on top of a cement bowl.
f_f_skateboard_31093_2.jpg,A man on a skateboard is doing a trick.
f_f_skateboard_31093_2.jpg,A male skateboarder is trying to pull off a trick on the ramp. 
f_f_skateboard_31093_2.jpg,a man doing a skateboard trick on top of pool 
f_f_skateboard_31093_2.jpg,A man on a skateboard wearing a helmet and safety pads while riding in an empty swimming pool.
f_f_skateboard_31093_3.jpg,A skateboarder is on top of a cement bowl.
f_f_skateboard_31093_3.jpg,A man on a skateboard is doing a trick.
f_f_skateboard_31093_3.jpg,A male skateboarder is trying to pull off a trick on the ramp. 
f_f_skateboard_31093_3.jpg,a man doing a skateboard trick on top of pool 
f_f_skateboard_31093_3.jpg,A man on a skateboard wearing a helmet and safety pads while riding in an empty swimming pool.
f_f_skateboard_31093_4.jpg,A skateboarder is on top of a cement bowl.
f_f_skateboard_31093_4.jpg,A man on a skateboard is doing a trick.
f_f_skateboard_31093_4.jpg,A male skateboarder is trying to pull off a trick on the ramp. 
f_f_skateboard_31093_4.jpg,a man doing a skateboard trick on top of pool 
f_f_skateboard_31093_4.jpg,A man on a skateboard wearing a helmet and safety pads while riding in an empty swimming pool.
f_f_skateboard_72281_1.jpg,The young man in the cap jumps up on a skateboard.
f_f_skateboard_72281_1.jpg,A man on a skateboard with a hat. 
f_f_skateboard_72281_1.jpg,A skateboarder jumping over an obstacle on his board.
f_f_skateboard_72281_1.jpg,A guy on a skate board high in the air.
f_f_skateboard_72281_1.jpg,A man that is in the air with a surfboard.
f_f_skateboard_72281_2.jpg,The young man in the cap jumps up on a skateboard.
f_f_skateboard_72281_2.jpg,A man on a skateboard with a hat. 
f_f_skateboard_72281_2.jpg,A skateboarder jumping over an obstacle on his board.
f_f_skateboard_72281_2.jpg,A guy on a skate board high in the air.
f_f_skateboard_72281_2.jpg,A man that is in the air with a surfboard.
f_f_skateboard_72281_3.jpg,The young man in the cap jumps up on a skateboard.
f_f_skateboard_72281_3.jpg,A man on a skateboard with a hat. 
f_f_skateboard_72281_3.jpg,A skateboarder jumping over an obstacle on his board.
f_f_skateboard_72281_3.jpg,A guy on a skate board high in the air.
f_f_skateboard_72281_3.jpg,A man that is in the air with a surfboard.
f_f_skateboard_72281_4.jpg,The young man in the cap jumps up on a skateboard.
f_f_skateboard_72281_4.jpg,A man on a skateboard with a hat. 
f_f_skateboard_72281_4.jpg,A skateboarder jumping over an obstacle on his board.
f_f_skateboard_72281_4.jpg,A guy on a skate board high in the air.
f_f_skateboard_72281_4.jpg,A man that is in the air with a surfboard.
f_f_skateboard_72281_5.jpg,The young man in the cap jumps up on a skateboard.
f_f_skateboard_72281_5.jpg,A man on a skateboard with a hat. 
f_f_skateboard_72281_5.jpg,A skateboarder jumping over an obstacle on his board.
f_f_skateboard_72281_5.jpg,A guy on a skate board high in the air.
f_f_skateboard_72281_5.jpg,A man that is in the air with a surfboard.
f_f_sports_135604_1.jpg,A young man about to kick a soccer ball on a green field
f_f_sports_135604_1.jpg,a young boy is playing soccer on a field 
f_f_sports_135604_1.jpg,a man on a soccer field dressed in a soccer uniform kicking a soccer ball
f_f_sports_135604_1.jpg,A soccer player is about to kick a soccer ball
f_f_sports_135604_1.jpg,A man playing soccer on a soccer field
f_f_sports_135604_2.jpg,A young man about to kick a soccer ball on a green field
f_f_sports_135604_2.jpg,a young boy is playing soccer on a field 
f_f_sports_135604_2.jpg,a man on a soccer field dressed in a soccer uniform kicking a soccer ball
f_f_sports_135604_2.jpg,A soccer player is about to kick a soccer ball
f_f_sports_135604_2.jpg,A man playing soccer on a soccer field
f_f_sports_135604_3.jpg,A young man about to kick a soccer ball on a green field
f_f_sports_135604_3.jpg,a young boy is playing soccer on a field 
f_f_sports_135604_3.jpg,a man on a soccer field dressed in a soccer uniform kicking a soccer ball
f_f_sports_135604_3.jpg,A soccer player is about to kick a soccer ball
f_f_sports_135604_3.jpg,A man playing soccer on a soccer field
f_f_sports_135604_5.jpg,A young man about to kick a soccer ball on a green field
f_f_sports_135604_5.jpg,a young boy is playing soccer on a field 
f_f_sports_135604_5.jpg,a man on a soccer field dressed in a soccer uniform kicking a soccer ball
f_f_sports_135604_5.jpg,A soccer player is about to kick a soccer ball
f_f_sports_135604_5.jpg,A man playing soccer on a soccer field
f_f_sports_192670_1.jpg,A little league baseball player hits a ball.
f_f_sports_192670_1.jpg,A young boys is hitting a baseball while another young boy is playing catcher.
f_f_sports_192670_1.jpg,"A male child swinging his bat at a ball, another child behind him as the catcher. "
f_f_sports_192670_1.jpg,A boy swinging a bat with a catcher in place behind the batter.
f_f_sports_192670_1.jpg,A player swings at a baseball while the catcher is ready to catch the ball.
f_f_sports_192670_2.jpg,A little league baseball player hits a ball.
f_f_sports_192670_2.jpg,A young boys is hitting a baseball while another young boy is playing catcher.
f_f_sports_192670_2.jpg,"A male child swinging his bat at a ball, another child behind him as the catcher. "
f_f_sports_192670_2.jpg,A boy swinging a bat with a catcher in place behind the batter.
f_f_sports_192670_2.jpg,A player swings at a baseball while the catcher is ready to catch the ball.
f_f_sports_192670_3.jpg,A little league baseball player hits a ball.
f_f_sports_192670_3.jpg,A young boys is hitting a baseball while another young boy is playing catcher.
f_f_sports_192670_3.jpg,"A male child swinging his bat at a ball, another child behind him as the catcher. "
f_f_sports_192670_3.jpg,A boy swinging a bat with a catcher in place behind the batter.
f_f_sports_192670_3.jpg,A player swings at a baseball while the catcher is ready to catch the ball.
f_f_sports_192670_4.jpg,A little league baseball player hits a ball.
f_f_sports_192670_4.jpg,A young boys is hitting a baseball while another young boy is playing catcher.
f_f_sports_192670_4.jpg,"A male child swinging his bat at a ball, another child behind him as the catcher. "
f_f_sports_192670_4.jpg,A boy swinging a bat with a catcher in place behind the batter.
f_f_sports_192670_4.jpg,A player swings at a baseball while the catcher is ready to catch the ball.
f_f_sports_192670_5.jpg,A little league baseball player hits a ball.
f_f_sports_192670_5.jpg,A young boys is hitting a baseball while another young boy is playing catcher.
f_f_sports_192670_5.jpg,"A male child swinging his bat at a ball, another child behind him as the catcher. "
f_f_sports_192670_5.jpg,A boy swinging a bat with a catcher in place behind the batter.
f_f_sports_192670_5.jpg,A player swings at a baseball while the catcher is ready to catch the ball.
f_f_sports_33759_1.jpg,A boy swinging a baseball bat at a game.
f_f_sports_33759_1.jpg,A young boy swinging a baseball bat at a baseball.
f_f_sports_33759_1.jpg,"A young baseball player stands at the plate, in motion to hit an oncoming ball. "
f_f_sports_33759_1.jpg,a boy swinging his baseball bat at a baseball
f_f_sports_33759_1.jpg,A little kid swinging a bat in a baseball game.
f_f_sports_33759_2.jpg,A boy swinging a baseball bat at a game.
f_f_sports_33759_2.jpg,A young boy swinging a baseball bat at a baseball.
f_f_sports_33759_2.jpg,"A young baseball player stands at the plate, in motion to hit an oncoming ball. "
f_f_sports_33759_2.jpg,a boy swinging his baseball bat at a baseball
f_f_sports_33759_2.jpg,A little kid swinging a bat in a baseball game.
f_f_sports_33759_3.jpg,A boy swinging a baseball bat at a game.
f_f_sports_33759_3.jpg,A young boy swinging a baseball bat at a baseball.
f_f_sports_33759_3.jpg,"A young baseball player stands at the plate, in motion to hit an oncoming ball. "
f_f_sports_33759_3.jpg,a boy swinging his baseball bat at a baseball
f_f_sports_33759_3.jpg,A little kid swinging a bat in a baseball game.
f_f_sports_33759_4.jpg,A boy swinging a baseball bat at a game.
f_f_sports_33759_4.jpg,A young boy swinging a baseball bat at a baseball.
f_f_sports_33759_4.jpg,"A young baseball player stands at the plate, in motion to hit an oncoming ball. "
f_f_sports_33759_4.jpg,a boy swinging his baseball bat at a baseball
f_f_sports_33759_4.jpg,A little kid swinging a bat in a baseball game.
f_f_sports_33759_5.jpg,A boy swinging a baseball bat at a game.
f_f_sports_33759_5.jpg,A young boy swinging a baseball bat at a baseball.
f_f_sports_33759_5.jpg,"A young baseball player stands at the plate, in motion to hit an oncoming ball. "
f_f_sports_33759_5.jpg,a boy swinging his baseball bat at a baseball
f_f_sports_33759_5.jpg,A little kid swinging a bat in a baseball game.
f_f_sports_371552_1.jpg,a boy with a green shirt and a black pair of shorts playing soccer
f_f_sports_371552_1.jpg,A boy standing by a soccer ball on a field.
f_f_sports_371552_1.jpg,Parents watching young boys playing soccer on a green field
f_f_sports_371552_1.jpg,a boy is standing next to a red ball outside
f_f_sports_371552_1.jpg,a young boy on a soccer field standing in front of a ball.
f_f_sports_371552_2.jpg,a boy with a green shirt and a black pair of shorts playing soccer
f_f_sports_371552_2.jpg,A boy standing by a soccer ball on a field.
f_f_sports_371552_2.jpg,Parents watching young boys playing soccer on a green field
f_f_sports_371552_2.jpg,a boy is standing next to a red ball outside
f_f_sports_371552_2.jpg,a young boy on a soccer field standing in front of a ball.
f_f_sports_371552_3.jpg,a boy with a green shirt and a black pair of shorts playing soccer
f_f_sports_371552_3.jpg,A boy standing by a soccer ball on a field.
f_f_sports_371552_3.jpg,Parents watching young boys playing soccer on a green field
f_f_sports_371552_3.jpg,a boy is standing next to a red ball outside
f_f_sports_371552_3.jpg,a young boy on a soccer field standing in front of a ball.
f_f_sports_371552_5.jpg,a boy with a green shirt and a black pair of shorts playing soccer
f_f_sports_371552_5.jpg,A boy standing by a soccer ball on a field.
f_f_sports_371552_5.jpg,Parents watching young boys playing soccer on a green field
f_f_sports_371552_5.jpg,a boy is standing next to a red ball outside
f_f_sports_371552_5.jpg,a young boy on a soccer field standing in front of a ball.
f_f_sports_429690_2.jpg,A man hitting a tennis ball with a bat.
f_f_sports_429690_2.jpg,A crowd watches a batter try to hit a baseball.
f_f_sports_429690_2.jpg,A guy playing baseball with people watching from the stands.
f_f_sports_429690_2.jpg,A man is hitting a baseball with a baseball bat.
f_f_sports_429690_2.jpg,People look on as a ball heads towards a batter.
f_f_sports_429690_3.jpg,A man hitting a tennis ball with a bat.
f_f_sports_429690_3.jpg,A crowd watches a batter try to hit a baseball.
f_f_sports_429690_3.jpg,A guy playing baseball with people watching from the stands.
f_f_sports_429690_3.jpg,A man is hitting a baseball with a baseball bat.
f_f_sports_429690_3.jpg,People look on as a ball heads towards a batter.
f_f_sports_429690_4.jpg,A man hitting a tennis ball with a bat.
f_f_sports_429690_4.jpg,A crowd watches a batter try to hit a baseball.
f_f_sports_429690_4.jpg,A guy playing baseball with people watching from the stands.
f_f_sports_429690_4.jpg,A man is hitting a baseball with a baseball bat.
f_f_sports_429690_4.jpg,People look on as a ball heads towards a batter.
f_f_sports_429690_5.jpg,A man hitting a tennis ball with a bat.
f_f_sports_429690_5.jpg,A crowd watches a batter try to hit a baseball.
f_f_sports_429690_5.jpg,A guy playing baseball with people watching from the stands.
f_f_sports_429690_5.jpg,A man is hitting a baseball with a baseball bat.
f_f_sports_429690_5.jpg,People look on as a ball heads towards a batter.
f_f_sports_515982_1.jpg,A man sliding into a base next to another baseball player.
f_f_sports_515982_1.jpg,"A baseball player sliding into home plate, in a game."
f_f_sports_515982_1.jpg,a  runner sliding into base as the ball gets close
f_f_sports_515982_1.jpg,a man is sliding up to a base at a baseball game
f_f_sports_515982_1.jpg,A man sliding into home plate as another catches a baseball.
f_f_sports_515982_3.jpg,A man sliding into a base next to another baseball player.
f_f_sports_515982_3.jpg,"A baseball player sliding into home plate, in a game."
f_f_sports_515982_3.jpg,a  runner sliding into base as the ball gets close
f_f_sports_515982_3.jpg,a man is sliding up to a base at a baseball game
f_f_sports_515982_3.jpg,A man sliding into home plate as another catches a baseball.
f_f_sports_515982_4.jpg,A man sliding into a base next to another baseball player.
f_f_sports_515982_4.jpg,"A baseball player sliding into home plate, in a game."
f_f_sports_515982_4.jpg,a  runner sliding into base as the ball gets close
f_f_sports_515982_4.jpg,a man is sliding up to a base at a baseball game
f_f_sports_515982_4.jpg,A man sliding into home plate as another catches a baseball.
f_f_sports_515982_5.jpg,A man sliding into a base next to another baseball player.
f_f_sports_515982_5.jpg,"A baseball player sliding into home plate, in a game."
f_f_sports_515982_5.jpg,a  runner sliding into base as the ball gets close
f_f_sports_515982_5.jpg,a man is sliding up to a base at a baseball game
f_f_sports_515982_5.jpg,A man sliding into home plate as another catches a baseball.
f_f_sports_89296_1.jpg,A man holding a baseball bat preparing to swing it
f_f_sports_89296_1.jpg,Baseball player in the cage practicing his swings
f_f_sports_89296_1.jpg,A man in red jacket and shorts in a batting cage.
f_f_sports_89296_1.jpg,A man gets ready to swing at a pitch during batting practice
f_f_sports_89296_1.jpg,The baseball player is practicing his swing for his favorite game.
f_f_sports_89296_2.jpg,A man holding a baseball bat preparing to swing it
f_f_sports_89296_2.jpg,Baseball player in the cage practicing his swings
f_f_sports_89296_2.jpg,A man in red jacket and shorts in a batting cage.
f_f_sports_89296_2.jpg,A man gets ready to swing at a pitch during batting practice
f_f_sports_89296_2.jpg,The baseball player is practicing his swing for his favorite game.
f_f_sports_89296_3.jpg,A man holding a baseball bat preparing to swing it
f_f_sports_89296_3.jpg,Baseball player in the cage practicing his swings
f_f_sports_89296_3.jpg,A man in red jacket and shorts in a batting cage.
f_f_sports_89296_3.jpg,A man gets ready to swing at a pitch during batting practice
f_f_sports_89296_3.jpg,The baseball player is practicing his swing for his favorite game.
f_f_sports_89296_5.jpg,A man holding a baseball bat preparing to swing it
f_f_sports_89296_5.jpg,Baseball player in the cage practicing his swings
f_f_sports_89296_5.jpg,A man in red jacket and shorts in a batting cage.
f_f_sports_89296_5.jpg,A man gets ready to swing at a pitch during batting practice
f_f_sports_89296_5.jpg,The baseball player is practicing his swing for his favorite game.
f_f_surfboard_115898_2.jpg,A man in black wetsuit on white surfboard riding wave.
f_f_surfboard_115898_2.jpg,A man surfing rocking waves in the water.
f_f_surfboard_115898_2.jpg,A man is on his surfboard in the water. 
f_f_surfboard_115898_2.jpg,A surfer is on the water and is waiting for a wave. 
f_f_surfboard_115898_2.jpg,A man riding a surfboard in the water.
f_f_surfboard_115898_3.jpg,A man in black wetsuit on white surfboard riding wave.
f_f_surfboard_115898_3.jpg,A man surfing rocking waves in the water.
f_f_surfboard_115898_3.jpg,A man is on his surfboard in the water. 
f_f_surfboard_115898_3.jpg,A surfer is on the water and is waiting for a wave. 
f_f_surfboard_115898_3.jpg,A man riding a surfboard in the water.
f_f_surfboard_115898_4.jpg,A man in black wetsuit on white surfboard riding wave.
f_f_surfboard_115898_4.jpg,A man surfing rocking waves in the water.
f_f_surfboard_115898_4.jpg,A man is on his surfboard in the water. 
f_f_surfboard_115898_4.jpg,A surfer is on the water and is waiting for a wave. 
f_f_surfboard_115898_4.jpg,A man riding a surfboard in the water.
f_f_surfboard_115898_5.jpg,A man in black wetsuit on white surfboard riding wave.
f_f_surfboard_115898_5.jpg,A man surfing rocking waves in the water.
f_f_surfboard_115898_5.jpg,A man is on his surfboard in the water. 
f_f_surfboard_115898_5.jpg,A surfer is on the water and is waiting for a wave. 
f_f_surfboard_115898_5.jpg,A man riding a surfboard in the water.
f_f_surfboard_177357_1.jpg,A surfer in the ocean trying not to wipeout.
f_f_surfboard_177357_1.jpg,a man is riding on a surfboard at the beach
f_f_surfboard_177357_1.jpg,A man in a wet suit riding a surfboard on a wave.
f_f_surfboard_177357_1.jpg,a man riding on top of a wave with a surfboard
f_f_surfboard_177357_1.jpg,this is a man riding a board in the water
f_f_surfboard_177357_2.jpg,A surfer in the ocean trying not to wipeout.
f_f_surfboard_177357_2.jpg,a man is riding on a surfboard at the beach
f_f_surfboard_177357_2.jpg,A man in a wet suit riding a surfboard on a wave.
f_f_surfboard_177357_2.jpg,a man riding on top of a wave with a surfboard
f_f_surfboard_177357_2.jpg,this is a man riding a board in the water
f_f_surfboard_177357_3.jpg,A surfer in the ocean trying not to wipeout.
f_f_surfboard_177357_3.jpg,a man is riding on a surfboard at the beach
f_f_surfboard_177357_3.jpg,A man in a wet suit riding a surfboard on a wave.
f_f_surfboard_177357_3.jpg,a man riding on top of a wave with a surfboard
f_f_surfboard_177357_3.jpg,this is a man riding a board in the water
f_f_surfboard_177357_4.jpg,A surfer in the ocean trying not to wipeout.
f_f_surfboard_177357_4.jpg,a man is riding on a surfboard at the beach
f_f_surfboard_177357_4.jpg,A man in a wet suit riding a surfboard on a wave.
f_f_surfboard_177357_4.jpg,a man riding on top of a wave with a surfboard
f_f_surfboard_177357_4.jpg,this is a man riding a board in the water
f_f_surfboard_187362_1.jpg,A man and his surfboard survey a stormy sea
f_f_surfboard_187362_1.jpg,A man with a surfboard is watching the waves.
f_f_surfboard_187362_1.jpg,A man holding a surfboard on top of a sandy beach.
f_f_surfboard_187362_1.jpg,A man stands on the beach holding his surfboard.
f_f_surfboard_187362_1.jpg,A surfer holding a surf board at the edge of the beach watching the surf.
f_f_surfboard_187362_2.jpg,A man and his surfboard survey a stormy sea
f_f_surfboard_187362_2.jpg,A man with a surfboard is watching the waves.
f_f_surfboard_187362_2.jpg,A man holding a surfboard on top of a sandy beach.
f_f_surfboard_187362_2.jpg,A man stands on the beach holding his surfboard.
f_f_surfboard_187362_2.jpg,A surfer holding a surf board at the edge of the beach watching the surf.
f_f_surfboard_187362_3.jpg,A man and his surfboard survey a stormy sea
f_f_surfboard_187362_3.jpg,A man with a surfboard is watching the waves.
f_f_surfboard_187362_3.jpg,A man holding a surfboard on top of a sandy beach.
f_f_surfboard_187362_3.jpg,A man stands on the beach holding his surfboard.
f_f_surfboard_187362_3.jpg,A surfer holding a surf board at the edge of the beach watching the surf.
f_f_surfboard_187362_5.jpg,A man and his surfboard survey a stormy sea
f_f_surfboard_187362_5.jpg,A man with a surfboard is watching the waves.
f_f_surfboard_187362_5.jpg,A man holding a surfboard on top of a sandy beach.
f_f_surfboard_187362_5.jpg,A man stands on the beach holding his surfboard.
f_f_surfboard_187362_5.jpg,A surfer holding a surf board at the edge of the beach watching the surf.
f_f_surfboard_190007_1.jpg,this is man riding a wave on a board
f_f_surfboard_190007_1.jpg,A man in a black suit surfing a large wave
f_f_surfboard_190007_1.jpg,Man on surfboard riding large breaking wave at ocean.
f_f_surfboard_190007_1.jpg,a man on surf board riding a wave over his head
f_f_surfboard_190007_1.jpg,A man that is on a surfboard in the water.
f_f_surfboard_190007_2.jpg,this is man riding a wave on a board
f_f_surfboard_190007_2.jpg,A man in a black suit surfing a large wave
f_f_surfboard_190007_2.jpg,Man on surfboard riding large breaking wave at ocean.
f_f_surfboard_190007_2.jpg,a man on surf board riding a wave over his head
f_f_surfboard_190007_2.jpg,A man that is on a surfboard in the water.
f_f_surfboard_190007_3.jpg,this is man riding a wave on a board
f_f_surfboard_190007_3.jpg,A man in a black suit surfing a large wave
f_f_surfboard_190007_3.jpg,Man on surfboard riding large breaking wave at ocean.
f_f_surfboard_190007_3.jpg,a man on surf board riding a wave over his head
f_f_surfboard_190007_3.jpg,A man that is on a surfboard in the water.
f_f_surfboard_190007_5.jpg,this is man riding a wave on a board
f_f_surfboard_190007_5.jpg,A man in a black suit surfing a large wave
f_f_surfboard_190007_5.jpg,Man on surfboard riding large breaking wave at ocean.
f_f_surfboard_190007_5.jpg,a man on surf board riding a wave over his head
f_f_surfboard_190007_5.jpg,A man that is on a surfboard in the water.
f_f_surfboard_32570_1.jpg,A man riding a wave on top of a white surfboard.
f_f_surfboard_32570_1.jpg,A photo inside and ocean wave looking at a person on a surfboard.
f_f_surfboard_32570_1.jpg,A crashing wave is about to close in on a surfer.  
f_f_surfboard_32570_1.jpg,A man riding a wave on a surf board.
f_f_surfboard_32570_1.jpg,A man on a surfboard inside a large wave.
f_f_surfboard_32570_5.jpg,A man riding a wave on top of a white surfboard.
f_f_surfboard_32570_5.jpg,A photo inside and ocean wave looking at a person on a surfboard.
f_f_surfboard_32570_5.jpg,A crashing wave is about to close in on a surfer.  
f_f_surfboard_32570_5.jpg,A man riding a wave on a surf board.
f_f_surfboard_32570_5.jpg,A man on a surfboard inside a large wave.
f_f_surfboard_4765_1.jpg,A man riding a surfboard on a wave in the ocean.
f_f_surfboard_4765_1.jpg,a man in his wetsuit riding a big wave on his surfboard
f_f_surfboard_4765_1.jpg,A man in a yellow shirt and wetsuit surfing.
f_f_surfboard_4765_1.jpg,A surfer is riding on a small wave.
f_f_surfboard_4765_1.jpg,A man surfing on a large wave in the ocean.
f_f_surfboard_4765_2.jpg,A man riding a surfboard on a wave in the ocean.
f_f_surfboard_4765_2.jpg,a man in his wetsuit riding a big wave on his surfboard
f_f_surfboard_4765_2.jpg,A man in a yellow shirt and wetsuit surfing.
f_f_surfboard_4765_2.jpg,A surfer is riding on a small wave.
f_f_surfboard_4765_2.jpg,A man surfing on a large wave in the ocean.
f_f_surfboard_4765_3.jpg,A man riding a surfboard on a wave in the ocean.
f_f_surfboard_4765_3.jpg,a man in his wetsuit riding a big wave on his surfboard
f_f_surfboard_4765_3.jpg,A man in a yellow shirt and wetsuit surfing.
f_f_surfboard_4765_3.jpg,A surfer is riding on a small wave.
f_f_surfboard_4765_3.jpg,A man surfing on a large wave in the ocean.
f_f_surfboard_4765_5.jpg,A man riding a surfboard on a wave in the ocean.
f_f_surfboard_4765_5.jpg,a man in his wetsuit riding a big wave on his surfboard
f_f_surfboard_4765_5.jpg,A man in a yellow shirt and wetsuit surfing.
f_f_surfboard_4765_5.jpg,A surfer is riding on a small wave.
f_f_surfboard_4765_5.jpg,A man surfing on a large wave in the ocean.
f_f_surfboard_51314_1.jpg,A man is surfing on a small wave.
f_f_surfboard_51314_1.jpg,A man that is surfing in the water.
f_f_surfboard_51314_1.jpg,the surfer is riding the wave sideways along the beach.
f_f_surfboard_51314_1.jpg,A surfer in a wetsuit sliding through the water.
f_f_surfboard_51314_1.jpg,a man riding a surfboard on a wave in the ocean.
f_f_surfboard_51314_2.jpg,A man is surfing on a small wave.
f_f_surfboard_51314_2.jpg,A man that is surfing in the water.
f_f_surfboard_51314_2.jpg,the surfer is riding the wave sideways along the beach.
f_f_surfboard_51314_2.jpg,A surfer in a wetsuit sliding through the water.
f_f_surfboard_51314_2.jpg,a man riding a surfboard on a wave in the ocean.
f_f_surfboard_51314_3.jpg,A man is surfing on a small wave.
f_f_surfboard_51314_3.jpg,A man that is surfing in the water.
f_f_surfboard_51314_3.jpg,the surfer is riding the wave sideways along the beach.
f_f_surfboard_51314_3.jpg,A surfer in a wetsuit sliding through the water.
f_f_surfboard_51314_3.jpg,a man riding a surfboard on a wave in the ocean.
f_f_surfboard_51314_4.jpg,A man is surfing on a small wave.
f_f_surfboard_51314_4.jpg,A man that is surfing in the water.
f_f_surfboard_51314_4.jpg,the surfer is riding the wave sideways along the beach.
f_f_surfboard_51314_4.jpg,A surfer in a wetsuit sliding through the water.
f_f_surfboard_51314_4.jpg,a man riding a surfboard on a wave in the ocean.
f_f_surfboard_51314_5.jpg,A man is surfing on a small wave.
f_f_surfboard_51314_5.jpg,A man that is surfing in the water.
f_f_surfboard_51314_5.jpg,the surfer is riding the wave sideways along the beach.
f_f_surfboard_51314_5.jpg,A surfer in a wetsuit sliding through the water.
f_f_surfboard_51314_5.jpg,a man riding a surfboard on a wave in the ocean.
f_f_surfboard_54164_1.jpg,a man that is surfing on some water
f_f_surfboard_54164_1.jpg,a person riding a surf board on a wave 
f_f_surfboard_54164_1.jpg,a guy wearing a wet suit surfing the wave
f_f_surfboard_54164_1.jpg,a man in a wetsuit riding a wave on a surfboard
f_f_surfboard_54164_1.jpg,A man that is standing on a motorcycle in the water.
f_f_surfboard_54164_2.jpg,a man that is surfing on some water
f_f_surfboard_54164_2.jpg,a person riding a surf board on a wave 
f_f_surfboard_54164_2.jpg,a guy wearing a wet suit surfing the wave
f_f_surfboard_54164_2.jpg,a man in a wetsuit riding a wave on a surfboard
f_f_surfboard_54164_2.jpg,A man that is standing on a motorcycle in the water.
f_f_surfboard_54164_3.jpg,a man that is surfing on some water
f_f_surfboard_54164_3.jpg,a person riding a surf board on a wave 
f_f_surfboard_54164_3.jpg,a guy wearing a wet suit surfing the wave
f_f_surfboard_54164_3.jpg,a man in a wetsuit riding a wave on a surfboard
f_f_surfboard_54164_3.jpg,A man that is standing on a motorcycle in the water.
f_f_surfboard_54164_5.jpg,a man that is surfing on some water
f_f_surfboard_54164_5.jpg,a person riding a surf board on a wave 
f_f_surfboard_54164_5.jpg,a guy wearing a wet suit surfing the wave
f_f_surfboard_54164_5.jpg,a man in a wetsuit riding a wave on a surfboard
f_f_surfboard_54164_5.jpg,A man that is standing on a motorcycle in the water.
f_f_surfboard_7278_1.jpg,there is a male surfer that is riding in the wave
f_f_surfboard_7278_1.jpg,a man on a surf board rides a wave 
f_f_surfboard_7278_1.jpg,"A man in a wet suit riding a wave on a surf board.
"
f_f_surfboard_7278_1.jpg,A man that is on a surfboard in the water.
f_f_surfboard_7278_1.jpg,A surfer in the ocean on the crest of a wave.
f_f_surfboard_7278_2.jpg,there is a male surfer that is riding in the wave
f_f_surfboard_7278_2.jpg,a man on a surf board rides a wave 
f_f_surfboard_7278_2.jpg,"A man in a wet suit riding a wave on a surf board.
"
f_f_surfboard_7278_2.jpg,A man that is on a surfboard in the water.
f_f_surfboard_7278_2.jpg,A surfer in the ocean on the crest of a wave.
f_f_surfboard_7278_4.jpg,there is a male surfer that is riding in the wave
f_f_surfboard_7278_4.jpg,a man on a surf board rides a wave 
f_f_surfboard_7278_4.jpg,"A man in a wet suit riding a wave on a surf board.
"
f_f_surfboard_7278_4.jpg,A man that is on a surfboard in the water.
f_f_surfboard_7278_4.jpg,A surfer in the ocean on the crest of a wave.
f_f_surfboard_7278_5.jpg,there is a male surfer that is riding in the wave
f_f_surfboard_7278_5.jpg,a man on a surf board rides a wave 
f_f_surfboard_7278_5.jpg,"A man in a wet suit riding a wave on a surf board.
"
f_f_surfboard_7278_5.jpg,A man that is on a surfboard in the water.
f_f_surfboard_7278_5.jpg,A surfer in the ocean on the crest of a wave.
f_f_tie_131444_2.jpg,A man wearing a hat and a gray jacket.
f_f_tie_131444_2.jpg,A man with a suit and tie and a fedora on.
f_f_tie_131444_2.jpg,A man wears a suit with a blue shirt and a multicolored tie.
f_f_tie_131444_2.jpg,A man in a suit and tie wearing a hat.
f_f_tie_131444_2.jpg,a man that is in a suite and a tie
f_f_tie_131444_3.jpg,A man wearing a hat and a gray jacket.
f_f_tie_131444_3.jpg,A man with a suit and tie and a fedora on.
f_f_tie_131444_3.jpg,A man wears a suit with a blue shirt and a multicolored tie.
f_f_tie_131444_3.jpg,A man in a suit and tie wearing a hat.
f_f_tie_131444_3.jpg,a man that is in a suite and a tie
f_f_tie_131444_4.jpg,A man wearing a hat and a gray jacket.
f_f_tie_131444_4.jpg,A man with a suit and tie and a fedora on.
f_f_tie_131444_4.jpg,A man wears a suit with a blue shirt and a multicolored tie.
f_f_tie_131444_4.jpg,A man in a suit and tie wearing a hat.
f_f_tie_131444_4.jpg,a man that is in a suite and a tie
f_f_tie_131444_5.jpg,A man wearing a hat and a gray jacket.
f_f_tie_131444_5.jpg,A man with a suit and tie and a fedora on.
f_f_tie_131444_5.jpg,A man wears a suit with a blue shirt and a multicolored tie.
f_f_tie_131444_5.jpg,A man in a suit and tie wearing a hat.
f_f_tie_131444_5.jpg,a man that is in a suite and a tie
f_f_tie_131444_6.jpg,A man wearing a hat and a gray jacket.
f_f_tie_131444_6.jpg,A man with a suit and tie and a fedora on.
f_f_tie_131444_6.jpg,A man wears a suit with a blue shirt and a multicolored tie.
f_f_tie_131444_6.jpg,A man in a suit and tie wearing a hat.
f_f_tie_131444_6.jpg,a man that is in a suite and a tie
f_f_tie_163682_2.jpg,A businessman is sitting in a chair and smiling for a photo.
f_f_tie_163682_2.jpg,A smiling man is wearing a hot pink tie.
f_f_tie_163682_2.jpg,"A man in an office, wearing a shirt and tie, smiles at the camera."
f_f_tie_163682_2.jpg,Man wearing a blue shirt and pink tie posing for a picture sitting by a window.
f_f_tie_163682_2.jpg,A man in a blue dress shirt and tie sitting in an office chair.
f_f_tie_21604_2.jpg,A man in a suit is wearing a lit up tie.
f_f_tie_21604_2.jpg,A man posing for a portrait wearing a lighted tie
f_f_tie_21604_2.jpg,a man in a suits fixes his tie 
f_f_tie_21604_2.jpg,A man in glasses and a light up tie.
f_f_tie_21604_2.jpg,A man with glasses and sideburns straightening his necktie that has lights on it.
f_f_tie_21604_3.jpg,A man in a suit is wearing a lit up tie.
f_f_tie_21604_3.jpg,A man posing for a portrait wearing a lighted tie
f_f_tie_21604_3.jpg,a man in a suits fixes his tie 
f_f_tie_21604_3.jpg,A man in glasses and a light up tie.
f_f_tie_21604_3.jpg,A man with glasses and sideburns straightening his necktie that has lights on it.
f_f_tie_21604_4.jpg,A man in a suit is wearing a lit up tie.
f_f_tie_21604_4.jpg,A man posing for a portrait wearing a lighted tie
f_f_tie_21604_4.jpg,a man in a suits fixes his tie 
f_f_tie_21604_4.jpg,A man in glasses and a light up tie.
f_f_tie_21604_4.jpg,A man with glasses and sideburns straightening his necktie that has lights on it.
f_f_tie_21604_5.jpg,A man in a suit is wearing a lit up tie.
f_f_tie_21604_5.jpg,A man posing for a portrait wearing a lighted tie
f_f_tie_21604_5.jpg,a man in a suits fixes his tie 
f_f_tie_21604_5.jpg,A man in glasses and a light up tie.
f_f_tie_21604_5.jpg,A man with glasses and sideburns straightening his necktie that has lights on it.
f_m_hairdrier_350002_1.jpg,Woman in party dress sitting in beauty shop with hair dryer.
f_m_hairdrier_350002_1.jpg,a woman in a dress and pale makeup sitting by a table
f_m_hairdrier_350002_1.jpg,A woman poses in a dress next to a hair dryer. 
f_m_hairdrier_350002_1.jpg,A model in a blue and white dress sits for a photo. 
f_m_hairdrier_350002_1.jpg,A woman with white makeup is in a salon.
f_m_hairdrier_350002_2.jpg,Woman in party dress sitting in beauty shop with hair dryer.
f_m_hairdrier_350002_2.jpg,a woman in a dress and pale makeup sitting by a table
f_m_hairdrier_350002_2.jpg,A woman poses in a dress next to a hair dryer. 
f_m_hairdrier_350002_2.jpg,A model in a blue and white dress sits for a photo. 
f_m_hairdrier_350002_2.jpg,A woman with white makeup is in a salon.
f_m_hairdrier_350002_3.jpg,Woman in party dress sitting in beauty shop with hair dryer.
f_m_hairdrier_350002_3.jpg,a woman in a dress and pale makeup sitting by a table
f_m_hairdrier_350002_3.jpg,A woman poses in a dress next to a hair dryer. 
f_m_hairdrier_350002_3.jpg,A model in a blue and white dress sits for a photo. 
f_m_hairdrier_350002_3.jpg,A woman with white makeup is in a salon.
f_m_hairdrier_350002_4.jpg,Woman in party dress sitting in beauty shop with hair dryer.
f_m_hairdrier_350002_4.jpg,a woman in a dress and pale makeup sitting by a table
f_m_hairdrier_350002_4.jpg,A woman poses in a dress next to a hair dryer. 
f_m_hairdrier_350002_4.jpg,A model in a blue and white dress sits for a photo. 
f_m_hairdrier_350002_4.jpg,A woman with white makeup is in a salon.
f_m_hairdrier_384136_1.jpg,A woman points a hair drier like it is a gun.
f_m_hairdrier_384136_1.jpg,A woman is pointing and holding a hair dryer.
f_m_hairdrier_384136_1.jpg,A young woman holding a hair dryer like a gun.
f_m_hairdrier_384136_1.jpg,A woman brandishes a hair dryer with a suspicious look
f_m_hairdrier_384136_1.jpg,A WOMAN IS HOLDING A HAIR DRYER IN HER HAND
f_m_hairdrier_384136_3.jpg,A woman points a hair drier like it is a gun.
f_m_hairdrier_384136_3.jpg,A woman is pointing and holding a hair dryer.
f_m_hairdrier_384136_3.jpg,A young woman holding a hair dryer like a gun.
f_m_hairdrier_384136_3.jpg,A woman brandishes a hair dryer with a suspicious look
f_m_hairdrier_384136_3.jpg,A WOMAN IS HOLDING A HAIR DRYER IN HER HAND
f_m_hairdrier_384136_4.jpg,A woman points a hair drier like it is a gun.
f_m_hairdrier_384136_4.jpg,A woman is pointing and holding a hair dryer.
f_m_hairdrier_384136_4.jpg,A young woman holding a hair dryer like a gun.
f_m_hairdrier_384136_4.jpg,A woman brandishes a hair dryer with a suspicious look
f_m_hairdrier_384136_4.jpg,A WOMAN IS HOLDING A HAIR DRYER IN HER HAND
f_m_hairdrier_384136_5.jpg,A woman points a hair drier like it is a gun.
f_m_hairdrier_384136_5.jpg,A woman is pointing and holding a hair dryer.
f_m_hairdrier_384136_5.jpg,A young woman holding a hair dryer like a gun.
f_m_hairdrier_384136_5.jpg,A woman brandishes a hair dryer with a suspicious look
f_m_hairdrier_384136_5.jpg,A WOMAN IS HOLDING A HAIR DRYER IN HER HAND
f_m_handbag_153529_1.jpg,A woman with suitcases waiting for a train.
f_m_handbag_153529_1.jpg,A woman stands next to her luggage on a platform.
f_m_handbag_153529_1.jpg,a woman with her luggage at a train station
f_m_handbag_153529_1.jpg,A woman stands beside her luggage at an airport. 
f_m_handbag_153529_1.jpg,People standing with their luggage on a train platform.
f_m_handbag_153529_2.jpg,A woman with suitcases waiting for a train.
f_m_handbag_153529_2.jpg,A woman stands next to her luggage on a platform.
f_m_handbag_153529_2.jpg,a woman with her luggage at a train station
f_m_handbag_153529_2.jpg,A woman stands beside her luggage at an airport. 
f_m_handbag_153529_2.jpg,People standing with their luggage on a train platform.
f_m_handbag_153529_3.jpg,A woman with suitcases waiting for a train.
f_m_handbag_153529_3.jpg,A woman stands next to her luggage on a platform.
f_m_handbag_153529_3.jpg,a woman with her luggage at a train station
f_m_handbag_153529_3.jpg,A woman stands beside her luggage at an airport. 
f_m_handbag_153529_3.jpg,People standing with their luggage on a train platform.
f_m_handbag_153529_5.jpg,A woman with suitcases waiting for a train.
f_m_handbag_153529_5.jpg,A woman stands next to her luggage on a platform.
f_m_handbag_153529_5.jpg,a woman with her luggage at a train station
f_m_handbag_153529_5.jpg,A woman stands beside her luggage at an airport. 
f_m_handbag_153529_5.jpg,People standing with their luggage on a train platform.
f_m_handbag_81594_1.jpg,A woman holding an umbrella while standing on top of a wooden deck.
f_m_handbag_81594_1.jpg,A woman with an umbrella standing on a deck. 
f_m_handbag_81594_1.jpg,a woman is holding a black umbrella and smiling
f_m_handbag_81594_1.jpg,A woman holding an umbrella near a sculpture.
f_m_handbag_81594_1.jpg,a woman holding an umbrella next to a wall 
f_m_handbag_81594_2.jpg,A woman holding an umbrella while standing on top of a wooden deck.
f_m_handbag_81594_2.jpg,A woman with an umbrella standing on a deck. 
f_m_handbag_81594_2.jpg,a woman is holding a black umbrella and smiling
f_m_handbag_81594_2.jpg,A woman holding an umbrella near a sculpture.
f_m_handbag_81594_2.jpg,a woman holding an umbrella next to a wall 
f_m_handbag_81594_4.jpg,A woman holding an umbrella while standing on top of a wooden deck.
f_m_handbag_81594_4.jpg,A woman with an umbrella standing on a deck. 
f_m_handbag_81594_4.jpg,a woman is holding a black umbrella and smiling
f_m_handbag_81594_4.jpg,A woman holding an umbrella near a sculpture.
f_m_handbag_81594_4.jpg,a woman holding an umbrella next to a wall 
f_m_handbag_81594_5.jpg,A woman holding an umbrella while standing on top of a wooden deck.
f_m_handbag_81594_5.jpg,A woman with an umbrella standing on a deck. 
f_m_handbag_81594_5.jpg,a woman is holding a black umbrella and smiling
f_m_handbag_81594_5.jpg,A woman holding an umbrella near a sculpture.
f_m_handbag_81594_5.jpg,a woman holding an umbrella next to a wall 
f_m_refrigerator_150417_2.jpg,An older woman sitting at a table with a cake
f_m_refrigerator_150417_2.jpg,An elderly woman is seated at a table with a small cake in front of her.
f_m_refrigerator_150417_2.jpg,A woman sitting at a table with a cake in front of her.
f_m_refrigerator_150417_2.jpg,An old lady sitting at a table while looking at her birthday cake. 
f_m_refrigerator_150417_2.jpg,A woman sitting at a table with a birthday cake in front of her.
f_m_refrigerator_150417_3.jpg,An older woman sitting at a table with a cake
f_m_refrigerator_150417_3.jpg,An elderly woman is seated at a table with a small cake in front of her.
f_m_refrigerator_150417_3.jpg,A woman sitting at a table with a cake in front of her.
f_m_refrigerator_150417_3.jpg,An old lady sitting at a table while looking at her birthday cake. 
f_m_refrigerator_150417_3.jpg,A woman sitting at a table with a birthday cake in front of her.
f_m_refrigerator_150417_4.jpg,An older woman sitting at a table with a cake
f_m_refrigerator_150417_4.jpg,An elderly woman is seated at a table with a small cake in front of her.
f_m_refrigerator_150417_4.jpg,A woman sitting at a table with a cake in front of her.
f_m_refrigerator_150417_4.jpg,An old lady sitting at a table while looking at her birthday cake. 
f_m_refrigerator_150417_4.jpg,A woman sitting at a table with a birthday cake in front of her.
f_m_refrigerator_150417_5.jpg,An older woman sitting at a table with a cake
f_m_refrigerator_150417_5.jpg,An elderly woman is seated at a table with a small cake in front of her.
f_m_refrigerator_150417_5.jpg,A woman sitting at a table with a cake in front of her.
f_m_refrigerator_150417_5.jpg,An old lady sitting at a table while looking at her birthday cake. 
f_m_refrigerator_150417_5.jpg,A woman sitting at a table with a birthday cake in front of her.
f_m_refrigerator_22705_1.jpg,The woman in the dress is holding her drink.
f_m_refrigerator_22705_1.jpg,A woman is standing and smiling as she holds a wine glass in front of a refrigerator.
f_m_refrigerator_22705_1.jpg,A woman in a short black dress is holding a champagne flute and standing in front of a refrigerator.
f_m_refrigerator_22705_1.jpg,A women holding a drink in front of the refrigerator. 
f_m_refrigerator_22705_1.jpg,A woman standing in front of a refrigerator freezer in a black dress.
f_m_refrigerator_22705_2.jpg,The woman in the dress is holding her drink.
f_m_refrigerator_22705_2.jpg,A woman is standing and smiling as she holds a wine glass in front of a refrigerator.
f_m_refrigerator_22705_2.jpg,A woman in a short black dress is holding a champagne flute and standing in front of a refrigerator.
f_m_refrigerator_22705_2.jpg,A women holding a drink in front of the refrigerator. 
f_m_refrigerator_22705_2.jpg,A woman standing in front of a refrigerator freezer in a black dress.
f_m_refrigerator_22705_3.jpg,The woman in the dress is holding her drink.
f_m_refrigerator_22705_3.jpg,A woman is standing and smiling as she holds a wine glass in front of a refrigerator.
f_m_refrigerator_22705_3.jpg,A woman in a short black dress is holding a champagne flute and standing in front of a refrigerator.
f_m_refrigerator_22705_3.jpg,A women holding a drink in front of the refrigerator. 
f_m_refrigerator_22705_3.jpg,A woman standing in front of a refrigerator freezer in a black dress.
f_m_refrigerator_22705_4.jpeg,The woman in the dress is holding her drink.
f_m_refrigerator_22705_4.jpeg,A woman is standing and smiling as she holds a wine glass in front of a refrigerator.
f_m_refrigerator_22705_4.jpeg,A woman in a short black dress is holding a champagne flute and standing in front of a refrigerator.
f_m_refrigerator_22705_4.jpeg,A women holding a drink in front of the refrigerator. 
f_m_refrigerator_22705_4.jpeg,A woman standing in front of a refrigerator freezer in a black dress.
f_m_refrigerator_22705_5.jpg,The woman in the dress is holding her drink.
f_m_refrigerator_22705_5.jpg,A woman is standing and smiling as she holds a wine glass in front of a refrigerator.
f_m_refrigerator_22705_5.jpg,A woman in a short black dress is holding a champagne flute and standing in front of a refrigerator.
f_m_refrigerator_22705_5.jpg,A women holding a drink in front of the refrigerator. 
f_m_refrigerator_22705_5.jpg,A woman standing in front of a refrigerator freezer in a black dress.
f_m_refrigerator_280918_1.jpg,Two beautiful young women baking a turkey in a pan..
f_m_refrigerator_280918_1.jpg,Two women are taking a turkey out of the oven.
f_m_refrigerator_280918_1.jpg,Two ladies taking a turkey outside of an oven.
f_m_refrigerator_280918_1.jpg,two people standing next to an open oven with a turkey on a tray in it.
f_m_refrigerator_280918_1.jpg,Two woman poses while taking a turkey out of the oven.
f_m_refrigerator_280918_2.jpg,Two beautiful young women baking a turkey in a pan..
f_m_refrigerator_280918_2.jpg,Two women are taking a turkey out of the oven.
f_m_refrigerator_280918_2.jpg,Two ladies taking a turkey outside of an oven.
f_m_refrigerator_280918_2.jpg,two people standing next to an open oven with a turkey on a tray in it.
f_m_refrigerator_280918_2.jpg,Two woman poses while taking a turkey out of the oven.
f_m_refrigerator_280918_3.jpg,Two beautiful young women baking a turkey in a pan..
f_m_refrigerator_280918_3.jpg,Two women are taking a turkey out of the oven.
f_m_refrigerator_280918_3.jpg,Two ladies taking a turkey outside of an oven.
f_m_refrigerator_280918_3.jpg,two people standing next to an open oven with a turkey on a tray in it.
f_m_refrigerator_280918_3.jpg,Two woman poses while taking a turkey out of the oven.
f_m_refrigerator_280918_4.jpg,Two beautiful young women baking a turkey in a pan..
f_m_refrigerator_280918_4.jpg,Two women are taking a turkey out of the oven.
f_m_refrigerator_280918_4.jpg,Two ladies taking a turkey outside of an oven.
f_m_refrigerator_280918_4.jpg,two people standing next to an open oven with a turkey on a tray in it.
f_m_refrigerator_280918_4.jpg,Two woman poses while taking a turkey out of the oven.
f_m_refrigerator_280918_5.jpg,Two beautiful young women baking a turkey in a pan..
f_m_refrigerator_280918_5.jpg,Two women are taking a turkey out of the oven.
f_m_refrigerator_280918_5.jpg,Two ladies taking a turkey outside of an oven.
f_m_refrigerator_280918_5.jpg,two people standing next to an open oven with a turkey on a tray in it.
f_m_refrigerator_280918_5.jpg,Two woman poses while taking a turkey out of the oven.
f_m_refrigerator_280930_2.jpg,there is a young girl putting food in to a oven
f_m_refrigerator_280930_2.jpg,A girl holding a tray of food by an oven ready to put it in.
f_m_refrigerator_280930_2.jpg,A little girl smiling as she is about to put something in the oven. 
f_m_refrigerator_280930_2.jpg,Little girl holding up a sheet of uncooked rolls by oven. 
f_m_refrigerator_280930_2.jpg,Little girl laughing and holding a pan of food 
f_m_refrigerator_280930_3.jpeg,there is a young girl putting food in to a oven
f_m_refrigerator_280930_3.jpeg,A girl holding a tray of food by an oven ready to put it in.
f_m_refrigerator_280930_3.jpeg,A little girl smiling as she is about to put something in the oven. 
f_m_refrigerator_280930_3.jpeg,Little girl holding up a sheet of uncooked rolls by oven. 
f_m_refrigerator_280930_3.jpeg,Little girl laughing and holding a pan of food 
f_m_refrigerator_280930_4.jpg,there is a young girl putting food in to a oven
f_m_refrigerator_280930_4.jpg,A girl holding a tray of food by an oven ready to put it in.
f_m_refrigerator_280930_4.jpg,A little girl smiling as she is about to put something in the oven. 
f_m_refrigerator_280930_4.jpg,Little girl holding up a sheet of uncooked rolls by oven. 
f_m_refrigerator_280930_4.jpg,Little girl laughing and holding a pan of food 
f_m_refrigerator_280930_5.jpg,there is a young girl putting food in to a oven
f_m_refrigerator_280930_5.jpg,A girl holding a tray of food by an oven ready to put it in.
f_m_refrigerator_280930_5.jpg,A little girl smiling as she is about to put something in the oven. 
f_m_refrigerator_280930_5.jpg,Little girl holding up a sheet of uncooked rolls by oven. 
f_m_refrigerator_280930_5.jpg,Little girl laughing and holding a pan of food 
f_m_refrigerator_456662_2.jpg,A child standing completely upright in front of a refrigerator.
f_m_refrigerator_456662_2.jpg,The young girl is standing in front of the refrigerator.
f_m_refrigerator_456662_2.jpg,A little blonde girl standing in front of a fridge.
f_m_refrigerator_456662_2.jpg,A little girl is standing in front of a refrigerator.
f_m_refrigerator_456662_2.jpg,A young girl stands in front of the refrigerator.
f_m_refrigerator_456662_3.jpg,A child standing completely upright in front of a refrigerator.
f_m_refrigerator_456662_3.jpg,The young girl is standing in front of the refrigerator.
f_m_refrigerator_456662_3.jpg,A little blonde girl standing in front of a fridge.
f_m_refrigerator_456662_3.jpg,A little girl is standing in front of a refrigerator.
f_m_refrigerator_456662_3.jpg,A young girl stands in front of the refrigerator.
f_m_refrigerator_456662_4.jpg,A child standing completely upright in front of a refrigerator.
f_m_refrigerator_456662_4.jpg,The young girl is standing in front of the refrigerator.
f_m_refrigerator_456662_4.jpg,A little blonde girl standing in front of a fridge.
f_m_refrigerator_456662_4.jpg,A little girl is standing in front of a refrigerator.
f_m_refrigerator_456662_4.jpg,A young girl stands in front of the refrigerator.
f_m_refrigerator_456662_5.jpg,A child standing completely upright in front of a refrigerator.
f_m_refrigerator_456662_5.jpg,The young girl is standing in front of the refrigerator.
f_m_refrigerator_456662_5.jpg,A little blonde girl standing in front of a fridge.
f_m_refrigerator_456662_5.jpg,A little girl is standing in front of a refrigerator.
f_m_refrigerator_456662_5.jpg,A young girl stands in front of the refrigerator.
f_m_toothbrush_324614_1.jpg,"Young lady, wearing a black dress, brushing her teeth."
f_m_toothbrush_324614_1.jpg,Asian woman hiding her face while brushing her teeth.
f_m_toothbrush_324614_1.jpg,A smiling asian woman is brushing her teeth.
f_m_toothbrush_324614_1.jpg,A girl brushing her teeth holding up her other hand trying to shield from the camera.
f_m_toothbrush_324614_1.jpg,a woman looking a mirror whiile brushing her teeth 
f_m_toothbrush_324614_2.jpg,"Young lady, wearing a black dress, brushing her teeth."
f_m_toothbrush_324614_2.jpg,Asian woman hiding her face while brushing her teeth.
f_m_toothbrush_324614_2.jpg,A smiling asian woman is brushing her teeth.
f_m_toothbrush_324614_2.jpg,A girl brushing her teeth holding up her other hand trying to shield from the camera.
f_m_toothbrush_324614_2.jpg,a woman looking a mirror whiile brushing her teeth 
f_m_toothbrush_324614_3.jpg,"Young lady, wearing a black dress, brushing her teeth."
f_m_toothbrush_324614_3.jpg,Asian woman hiding her face while brushing her teeth.
f_m_toothbrush_324614_3.jpg,A smiling asian woman is brushing her teeth.
f_m_toothbrush_324614_3.jpg,A girl brushing her teeth holding up her other hand trying to shield from the camera.
f_m_toothbrush_324614_3.jpg,a woman looking a mirror whiile brushing her teeth 
f_m_toothbrush_324614_4.jpg,"Young lady, wearing a black dress, brushing her teeth."
f_m_toothbrush_324614_4.jpg,Asian woman hiding her face while brushing her teeth.
f_m_toothbrush_324614_4.jpg,A smiling asian woman is brushing her teeth.
f_m_toothbrush_324614_4.jpg,A girl brushing her teeth holding up her other hand trying to shield from the camera.
f_m_toothbrush_324614_4.jpg,a woman looking a mirror whiile brushing her teeth 
f_m_toothbrush_324614_5.jpg,"Young lady, wearing a black dress, brushing her teeth."
f_m_toothbrush_324614_5.jpg,Asian woman hiding her face while brushing her teeth.
f_m_toothbrush_324614_5.jpg,A smiling asian woman is brushing her teeth.
f_m_toothbrush_324614_5.jpg,A girl brushing her teeth holding up her other hand trying to shield from the camera.
f_m_toothbrush_324614_5.jpg,a woman looking a mirror whiile brushing her teeth 
f_m_toothbrush_445999_3.jpg,A woman brushes her teeth with foamy toothpaste.
f_m_toothbrush_445999_3.jpg,"A woman with foam coming out of her mouth, brushing her teeth."
f_m_toothbrush_445999_3.jpg,A pretty young dark haired girl brushing her teeth.
f_m_toothbrush_445999_3.jpg,A woman standing up brushing her teeth with a toothbrush.
f_m_toothbrush_445999_3.jpg,A girl brushing her teeth in a black and white photo.
f_m_toothbrush_445999_4.jpg,A woman brushes her teeth with foamy toothpaste.
f_m_toothbrush_445999_4.jpg,"A woman with foam coming out of her mouth, brushing her teeth."
f_m_toothbrush_445999_4.jpg,A pretty young dark haired girl brushing her teeth.
f_m_toothbrush_445999_4.jpg,A woman standing up brushing her teeth with a toothbrush.
f_m_toothbrush_445999_4.jpg,A girl brushing her teeth in a black and white photo.
f_m_toothbrush_445999_5.jpg,A woman brushes her teeth with foamy toothpaste.
f_m_toothbrush_445999_5.jpg,"A woman with foam coming out of her mouth, brushing her teeth."
f_m_toothbrush_445999_5.jpg,A pretty young dark haired girl brushing her teeth.
f_m_toothbrush_445999_5.jpg,A woman standing up brushing her teeth with a toothbrush.
f_m_toothbrush_445999_5.jpg,A girl brushing her teeth in a black and white photo.
f_m_toothbrush_465179_2.jpg,a close up of a person brushing her teeth in the bathroom
f_m_toothbrush_465179_2.jpg,A woman is brushing her teeth and posing for a picture.
f_m_toothbrush_465179_2.jpg,"Woman dressed in black, smiling and brushing her teeth"
f_m_toothbrush_465179_2.jpg,The woman brushes her teeth in the bathroom.
f_m_toothbrush_465179_2.jpg,A beautiful young woman brushing her teeth in a bathroom.
f_m_toothbrush_465179_3.jpg,a close up of a person brushing her teeth in the bathroom
f_m_toothbrush_465179_3.jpg,A woman is brushing her teeth and posing for a picture.
f_m_toothbrush_465179_3.jpg,"Woman dressed in black, smiling and brushing her teeth"
f_m_toothbrush_465179_3.jpg,The woman brushes her teeth in the bathroom.
f_m_toothbrush_465179_3.jpg,A beautiful young woman brushing her teeth in a bathroom.
f_m_toothbrush_465179_4.jpg,a close up of a person brushing her teeth in the bathroom
f_m_toothbrush_465179_4.jpg,A woman is brushing her teeth and posing for a picture.
f_m_toothbrush_465179_4.jpg,"Woman dressed in black, smiling and brushing her teeth"
f_m_toothbrush_465179_4.jpg,The woman brushes her teeth in the bathroom.
f_m_toothbrush_465179_4.jpg,A beautiful young woman brushing her teeth in a bathroom.
f_m_toothbrush_465179_5.jpg,a close up of a person brushing her teeth in the bathroom
f_m_toothbrush_465179_5.jpg,A woman is brushing her teeth and posing for a picture.
f_m_toothbrush_465179_5.jpg,"Woman dressed in black, smiling and brushing her teeth"
f_m_toothbrush_465179_5.jpg,The woman brushes her teeth in the bathroom.
f_m_toothbrush_465179_5.jpg,A beautiful young woman brushing her teeth in a bathroom.
f_m_toothbrush_507473_2.jpg,A girl is taking a selfie while brushing her teeth.
f_m_toothbrush_507473_2.jpg,In bathroom taking selfie of herself brushing teeth.
f_m_toothbrush_507473_2.jpg,A woman taking a picture of herself while brushing her teeth
f_m_toothbrush_507473_2.jpg,A woman brushing her teeth while taking a selfie 
f_m_toothbrush_507473_2.jpg,A woman brushing her teeth while taking a picture of herself
f_m_toothbrush_507473_3.jpg,A girl is taking a selfie while brushing her teeth.
f_m_toothbrush_507473_3.jpg,In bathroom taking selfie of herself brushing teeth.
f_m_toothbrush_507473_3.jpg,A woman taking a picture of herself while brushing her teeth
f_m_toothbrush_507473_3.jpg,A woman brushing her teeth while taking a selfie 
f_m_toothbrush_507473_3.jpg,A woman brushing her teeth while taking a picture of herself
f_m_toothbrush_507473_4.jpg,A girl is taking a selfie while brushing her teeth.
f_m_toothbrush_507473_4.jpg,In bathroom taking selfie of herself brushing teeth.
f_m_toothbrush_507473_4.jpg,A woman taking a picture of herself while brushing her teeth
f_m_toothbrush_507473_4.jpg,A woman brushing her teeth while taking a selfie 
f_m_toothbrush_507473_4.jpg,A woman brushing her teeth while taking a picture of herself
f_m_toothbrush_507473_5.jpg,A girl is taking a selfie while brushing her teeth.
f_m_toothbrush_507473_5.jpg,In bathroom taking selfie of herself brushing teeth.
f_m_toothbrush_507473_5.jpg,A woman taking a picture of herself while brushing her teeth
f_m_toothbrush_507473_5.jpg,A woman brushing her teeth while taking a selfie 
f_m_toothbrush_507473_5.jpg,A woman brushing her teeth while taking a picture of herself
